ID,Household Income,Household size,Rainfall for the month,Average temperature for the month,Travel time,Shortest distance,Amount spent on water in a month,Volume of water consumed in a month in liters,Volume of water consumed in lpcd,Willingness to pay
2,65000,5,0,75,20,136.01,9000,4650,30,9000
8,65000,5,0,75,20,349.69,9000,4650,30,9000
10,65000,4,0,75,20,335.43,9000,3100,30,9000
14,65000,3,0,75,20,310.44,9000,2480,30,9000
15,40000,2,0,75,10,276.74,7000,1860,20,8000
18,70000,5,0,75,20,224.96,9000,4650,30,10000
20,70000,5,0,75,20,167.03,9000,4650,30,10000
23,70000,5,0,75,20,122.1,9000,4650,30,10000
26,50000,4,0,75,10,107.42,7000,3100,20,8000
33,70000,5,0,75,20,151.09,9000,4650,30,10000
37,70000,5,0,75,20,249,9000,4650,30,10000
43,50000,5,0,75,10,290,7000,4650,20,8000
46,50000,5,0,75,10,266.37,7000,4650,20,8000
49,50000,4,0,75,10,238.1,7000,3100,20,8000
52,50000,5,0,75,10,203.82,7000,4650,20,8000
53,50000,4,0,75,10,156.35,7000,3100,20,8000
56,50000,4,0,75,10,104.85,7000,3100,20,8000
57,50000,4,0,75,10,76.55,7000,3100,20,8000
59,50000,4,0,75,10,52.61,7000,3100,20,8000
67,50000,4,0,75,10,126.21,7000,3100,20,8000
69,50000,4,0,75,10,189.99,7000,3100,20,8000
75,50000,4,0,75,10,251.53,7000,3100,20,8000
78,70000,5,0,75,20,240.93,9000,4650,30,10000
80,50000,4,0,75,10,207.39,7000,3100,20,8000
83,70000,5,0,75,20,182.72,9000,4650,30,10000
85,50000,4,0,75,10,112.16,7000,3100,20,8000
87,50000,4,0,75,10,56.3,7000,3100,20,8000
90,50000,5,0,75,10,30.41,7000,4650,20,8000
93,50000,5,0,75,10,74.43,7000,4650,20,8000
95,50000,5,0,75,10,141.01,7000,4650,20,8000
96,50000,4,0,75,10,144.28,7000,3100,20,8000
100,50000,4,0,75,10,167.93,7000,3100,20,8000
108,50000,5,0,75,10,67.2,7000,4650,20,8000
110,50000,5,0,75,10,93.52,7000,4650,20,8000
112,70000,5,0,75,20,102.07,9000,4650,30,10000
114,70000,5,0,75,20,60.88,9000,4650,30,10000
116,70000,5,0,75,20,87,9000,4650,30,10000
117,70000,5,0,75,20,92.91,9000,4650,30,10000
119,50000,4,0,75,10,126.53,7000,3100,20,8000
121,50000,4,0,75,10,167.06,7000,3100,20,8000
123,70000,5,0,75,20,206.46,9000,4650,30,10000
124,50000,4,0,75,10,193.83,7000,3100,20,8000
125,70000,5,0,75,20,188.4,9000,4650,30,10000
127,70000,5,0,75,20,139.45,9000,4650,30,10000
129,70000,5,0,75,20,74.4,9000,4650,30,10000
131,70000,5,0,75,20,35.36,9000,4650,30,10000
133,70000,5,0,75,20,51.62,9000,4650,30,10000
135,50000,4,0,75,10,90.8,7000,3100,20,8000
137,50000,5,0,75,10,136.56,7000,4650,20,8000
139,50000,5,0,75,10,150.72,7000,4650,20,8000
144,50000,5,0,75,10,102.08,7000,4650,20,8000
152,50000,4,0,75,10,114.39,7000,3100,20,7000
153,50000,4,0,75,10,139.29,7000,3100,20,7000
155,50000,5,0,75,10,188.53,7000,4650,20,7000
156,50000,3,0,75,10,189.11,7000,2480,20,7000
158,50000,3,0,75,10,151.82,7000,2480,20,7000
160,50000,5,0,75,10,98.27,7000,4650,20,7000
162,50000,4,0,75,10,66.1,7000,3100,20,7000
163,50000,4,0,75,10,54.04,7000,3100,20,7000
164,50000,5,0,75,10,37.12,7000,4650,20,7000
166,50000,5,0,75,10,77.16,7000,4650,20,7000
168,50000,4,0,75,10,118.44,7000,3100,20,7000
170,50000,5,0,75,10,176.82,7000,4650,20,7000
171,50000,4,0,75,10,235.36,7000,3100,20,7000
172,50000,5,0,75,10,254.87,7000,4650,20,7000
174,50000,5,0,75,10,296.1,7000,4650,20,7000
176,50000,5,0,75,10,207.2,7000,4650,20,7000
177,50000,4,0,75,10,238.32,7000,3100,20,7000
178,50000,4,0,75,10,197.28,7000,3100,20,7000
179,50000,4,0,75,10,228.64,7000,3100,20,7000
182,50000,5,0,75,10,237.98,7000,4650,20,7000
183,50000,5,0,75,10,197.31,7000,4650,20,7000
185,50000,5,0,75,10,209.4,7000,4650,20,7000
188,50000,4,0,75,10,261.01,7000,3100,20,7000
189,50000,4,0,75,10,234.85,7000,3100,20,7000
194,50000,5,0,75,10,281.32,7000,4650,20,7000
197,50000,5,0,75,10,344.41,7000,4650,20,7000
198,50000,5,0,75,10,315.41,7000,4650,20,7000
200,50000,4,0,75,10,347.59,7000,3100,20,7000
202,50000,4,0,75,10,372.86,7000,3100,20,7000
203,50000,5,0,75,10,408.79,7000,4650,20,7000
204,50000,4,0,75,10,389.42,7000,3100,20,7000
205,50000,5,0,75,10,415.88,7000,4650,20,7000
206,50000,4,0,75,10,465.97,7000,3100,20,7000
207,50000,5,0,75,10,491.23,7000,4650,20,7000
208,50000,4,0,75,10,434.01,7000,3100,20,7000
209,50000,5,0,75,10,491.92,7000,4650,20,7000
210,50000,4,0,75,10,422.2,7000,3100,20,7000
211,50000,4,0,75,10,349.23,7000,3100,20,7000
212,50000,4,0,75,10,326.96,7000,3100,20,7000
213,50000,5,0,75,10,297.43,7000,4650,20,7000
214,50000,4,0,75,10,345.24,7000,3100,20,7000
215,50000,4,0,75,10,318.68,7000,3100,20,7000
216,50000,2,0,75,10,292.31,7000,1550,20,7000
217,50000,4,0,75,10,320.98,7000,3100,20,7000
218,50000,5,0,75,10,359.9,7000,4650,20,7000
219,50000,5,0,75,10,322.58,7000,4650,20,7000
220,50000,4,0,75,10,266.32,7000,3100,20,7000
221,50000,4,0,75,10,364.61,7000,3100,20,7000
222,50000,2,0,75,10,239.56,7000,1550,20,7000
241,50000,4,0,75,10,90.27,7000,3100,20,8000
249,70000,5,0,75,20,201.42,9000,4650,30,10000
262,50000,4,0,75,10,154.25,7000,3100,20,8000
265,50000,4,0,75,10,169.96,7000,3100,20,8000
271,50000,4,0,75,10,173.93,7000,3100,20,8000
274,70000,5,0,75,20,144.14,9000,4650,30,10000
285,50000,4,0,75,10,164,7000,3100,20,8000
296,65000,4,0,75,20,108.26,9000,3100,30,10000
298,65000,5,0,75,20,113.89,9000,4650,30,10000
301,65000,4,0,75,20,183.35,9000,3100,30,10000
304,65000,5,0,75,20,226.74,9000,4650,30,10000
305,65000,4,0,75,20,283.47,9000,3100,30,10000
306,65000,4,0,75,20,261.69,9000,3100,30,10000
308,65000,4,0,75,20,118.68,9000,3100,30,10000
312,65000,4,0,75,20,33.53,9000,3100,30,10000
316,65000,4,0,75,20,142.44,9000,3100,30,10000
320,65000,4,0,75,20,81.5,9000,3100,30,10000
325,80000,4,0,75,20,88.28,8000,3100,30,9000
326,80000,5,0,75,20,199.4,8000,4650,30,9000
329,80000,5,0,75,20,172,8000,4650,30,9000
347,85000,5,0,75,20,147.49,8000,4650,30,9000
350,85000,4,0,75,20,57.01,8000,3100,30,9000
362,85000,4,0,75,20,56.75,8000,3100,30,9000
379,85000,5,0,75,20,145.91,8000,4650,30,9000
388,85000,4,0,75,20,55.01,8000,3100,30,9000
395,85000,5,0,75,20,88.62,8000,4650,30,9000
400,85000,5,0,75,20,97.74,8000,4650,30,9000
406,85000,4,0,75,20,32.02,8000,3100,30,9000
411,85000,4,0,75,20,79.88,8000,3100,30,9000
422,85000,5,0,75,20,95.52,8000,4650,30,9000
436,50000,4,0,75,10,56.01,7000,3100,20,8000
448,50000,4,0,75,10,94.37,7000,3100,20,8000
484,50000,4,0,75,10,23.85,7000,3100,20,8000
489,50000,4,0,75,10,74.17,7000,3100,20,8000
499,70000,5,0,75,20,79.2,9000,4650,30,10000
502,50000,4,0,75,10,30.59,7000,3100,20,8000
538,70000,5,0,75,20,67.08,9000,4650,30,10000
543,70000,5,0,75,20,69.35,9000,4650,30,10000
548,50000,4,0,75,10,49.48,7000,3100,20,8000
552,50000,4,0,75,10,45.88,7000,3100,20,8000
556,70000,5,0,75,20,93.91,9000,4650,30,10000
560,50000,4,0,75,10,10.77,7000,3100,20,8000
570,70000,5,0,75,20,60.44,9000,4650,30,10000
576,70000,5,0,75,20,35.44,9000,4650,30,10000
583,85000,4,0,75,20,59.51,8000,3100,30,9000
587,85000,4,0,75,20,99.76,8000,3100,30,9000
592,85000,4,0,75,20,89.47,8000,3100,30,9000
595,85000,5,0,75,20,57.71,8000,4650,30,9000
600,85000,4,0,75,20,229.59,8000,3100,30,9000
607,50000,4,0,75,10,36.36,7000,3100,20,8000
611,70000,5,0,75,20,129.4,9000,4650,30,10000
614,70000,5,0,75,20,121.5,9000,4650,30,10000
616,50000,4,0,75,10,177.72,7000,3100,20,8000
617,50000,4,0,75,10,230.65,7000,3100,20,8000
618,50000,4,0,75,10,294.54,7000,3100,20,8000
633,50000,4,0,75,10,178.72,7000,3100,20,8000
634,50000,4,0,75,10,196.02,7000,3100,20,8000
638,70000,5,0,75,20,224.45,9000,4650,30,10000
640,70000,5,0,75,20,215.2,9000,4650,30,10000
644,70000,5,0,75,20,210.11,9000,4650,30,10000
645,70000,5,0,75,20,250.91,9000,4650,30,10000
649,70000,5,0,75,20,332.63,9000,4650,30,10000
651,70000,5,0,75,20,389.28,9000,4650,30,10000
652,50000,4,0,75,10,448.99,7000,3100,20,8000
658,50000,4,0,75,10,338.76,7000,3100,20,8000
665,50000,4,0,75,10,305.81,7000,3100,20,8000
668,70000,5,0,75,20,308.01,9000,4650,30,10000
669,40000,4,0,75,10,400.05,7000,2480,20,8000
673,70000,5,0,75,20,420.33,9000,4650,30,10000
674,50000,4,0,75,10,378.8,7000,3100,20,8000
680,50000,4,0,75,10,426.9,7000,3100,20,8000
682,70000,5,0,75,20,473.33,9000,4650,30,10000
684,50000,4,0,75,10,531.51,7000,3100,20,8000
686,50000,4,0,75,10,527.39,7000,3100,20,8000
690,70000,5,0,75,20,463.04,9000,4650,30,10000
693,50000,4,0,75,10,488.07,7000,3100,20,8000
694,70000,5,0,75,20,474.22,9000,4650,30,10000
695,70000,5,0,75,20,469.3,9000,4650,30,10000
698,50000,4,0,75,10,470.34,7000,3100,20,8000
701,50000,4,0,75,10,405.81,7000,3100,20,8000
702,70000,5,0,75,20,379.33,9000,4650,30,10000
703,50000,4,0,75,10,323.36,7000,3100,20,8000
709,50000,4,0,75,10,373.55,7000,3100,20,8000
716,70000,5,0,75,20,268.75,9000,4650,30,10000
728,70000,5,0,75,20,342.38,9000,4650,30,10000
731,70000,5,0,75,20,297.26,9000,4650,30,10000
733,70000,5,0,75,20,231.68,9000,4650,30,10000
735,50000,4,0,75,10,237.2,7000,3100,20,8000
741,50000,4,0,75,10,186.42,7000,3100,20,8000
744,70000,5,0,75,20,72.57,9000,4650,30,10000
752,70000,5,0,75,20,112.72,9000,4650,30,10000
757,70000,5,0,75,20,159.14,9000,4650,30,10000
767,50000,4,0,75,10,196.45,7000,3100,20,8000
771,50000,4,0,75,10,222.3,7000,3100,20,8000
775,50000,4,0,75,10,128.72,7000,3100,20,8000
776,50000,4,0,75,10,306.37,7000,3100,20,8000
778,50000,4,0,75,10,196.6,7000,3100,20,8000
781,70000,6,0,75,20,211.02,9000,4650,30,10000
783,40000,2,0,75,10,192.63,7000,1860,20,8000
786,70000,4,0,75,20,230.85,9000,4650,30,10000
792,100000,5,0,75,30,101.84,11000,10850,40,12000
801,105000,8,0,75,30,138.64,11000,9300,40,12000
807,70000,6,0,75,20,105.08,9000,4650,30,10000
812,105000,8,0,75,30,72.84,11000,9300,40,12000
843,70000,6,0,75,20,87.14,9000,4650,30,10000
846,40000,3,0,75,10,113.88,7000,2480,20,8000
850,50000,4,0,75,10,137.06,7000,3100,20,8000
855,40000,4,0,75,10,132.09,7000,2480,20,8000
867,40000,4,0,75,10,55.07,7000,2480,20,8000
871,70000,6,0,75,20,85.29,9000,4650,30,10000
883,50000,4,0,75,10,27.07,7000,3100,20,8000
903,40000,4,0,75,10,146.49,7000,2480,20,8000
931,50000,4,0,75,10,131.61,7000,3100,20,8000
946,50000,4,0,75,10,152.63,7000,3100,20,8000
947,50000,4,0,75,10,76.69,7000,3100,20,8000
959,50000,4,0,75,10,105.72,7000,3100,20,8000
968,70000,6,0,75,20,90.44,9000,4650,30,10000
979,50000,4,0,75,10,39.66,7000,3100,20,8000
996,50000,4,0,75,10,79.4,7000,3100,20,8000
1028,50000,4,0,75,10,118.98,7000,3100,20,8000
1037,70000,6,0,75,20,144.81,9000,4650,30,10000
1045,70000,6,0,75,20,85.98,9000,4650,30,10000
1053,50000,4,0,75,10,35.47,7000,3100,20,8000
1094,40000,4,0,75,10,105.39,7000,2480,20,8000
1102,70000,6,0,75,20,55.11,9000,4650,30,10000
1104,70000,6,0,75,20,104.04,9000,4650,30,10000
1116,50000,4,0,75,10,150.88,7000,3100,20,8000
1119,50000,4,0,75,10,188.67,7000,3100,20,8000
1128,50000,4,0,75,10,107.45,7000,3100,20,8000
1134,70000,6,0,75,20,156.85,9000,4650,30,10000
1148,70000,6,0,75,20,78.11,9000,4650,30,10000
1152,100000,5,0,75,30,118.6,11000,7750,40,12000
1166,105000,6,0,75,30,42.38,11000,9300,40,12000
1172,100000,5,0,75,30,100.9,11000,7750,40,12000
1189,100000,6,0,75,30,66.73,11000,7750,40,12000
1198,70000,6,0,75,20,172.24,9000,4650,30,10000
1204,100000,5,0,75,30,201.09,11000,7750,40,12000
1209,100000,6,0,75,30,234.88,11000,7750,40,12000
1211,70000,6,0,75,20,223.29,9000,4650,30,10000
1214,100000,5,0,75,30,251.73,11000,7750,40,12000
1221,105000,5,0,75,30,304.38,11000,9300,40,12000
1223,105000,5,0,75,30,367.9,11000,9300,40,12000
1225,100000,5,0,75,30,369.86,11000,7750,40,12000
1235,100000,5,0,75,30,438.77,11000,7750,40,12000
1238,70000,6,0,75,20,446.23,9000,4650,30,10000
1241,105000,6,0,75,30,378.76,11000,9300,40,12000
1244,105000,5,0,75,30,462.39,11000,9300,40,12000
1247,105000,5,0,75,30,421.35,11000,9300,40,12000
1251,100000,6,0,75,30,463.04,11000,7750,40,12000
1254,100000,6,0,75,30,473.06,11000,7750,40,12000
1258,105000,6,0,75,30,544.23,11000,9300,40,12000
1260,100000,6,0,75,30,527.8,11000,7750,40,12000
1269,70000,4,0,75,20,374.88,9000,4650,30,10000
1274,100000,6,0,75,30,365,11000,7750,40,12000
1277,70000,5,0,75,20,440.65,9000,4650,30,10000
1280,100000,6,0,75,30,509.4,11000,7750,40,12000
1286,105000,5,0,75,30,578.28,11000,9300,40,12000
1289,100000,5,0,75,30,598.07,11000,7750,40,12000
1293,105000,6,0,75,30,541.94,11000,9300,40,12000
1313,100000,6,0,75,30,537.82,11000,7750,40,12000
1316,70000,6,0,75,20,419.44,9000,4650,30,10000
1324,100000,6,0,75,30,467.74,11000,7750,40,12000
1336,100000,6,0,75,30,465.28,11000,7750,40,12000
1344,105000,6,0,75,30,496.23,11000,9300,40,12000
1349,105000,5,0,75,30,578.36,11000,9300,40,12000
1356,70000,6,0,75,20,578.02,9000,4650,30,10000
1364,70000,6,0,75,20,548.89,9000,4650,30,10000
1365,105000,6,0,75,30,569.17,11000,9300,40,12000
1366,105000,6,0,75,30,405.76,11000,9300,40,12000
1367,100000,6,0,75,30,380.87,11000,7750,40,12000
1371,100000,5,0,75,30,351.37,11000,7750,40,12000
1376,100000,6,0,75,30,405.94,11000,7750,40,12000
1378,70000,6,0,75,20,431,9000,4650,30,10000
1387,105000,6,0,75,30,414.42,11000,9300,40,12000
1391,70000,5,0,75,20,430.59,9000,4650,30,10000
1394,100000,5,0,75,30,475.84,11000,7750,40,12000
1396,70000,5,0,75,20,509.01,9000,4650,30,10000
1398,100000,6,0,75,30,576.85,11000,7750,40,12000
1407,70000,6,0,75,20,606.85,9000,4650,30,10000
1416,70000,4,0,75,20,597.34,9000,4650,30,10000
1419,105000,6,0,75,30,588.59,11000,9300,40,12000
1422,100000,6,0,75,30,534.18,11000,7750,40,12000
1425,100000,5,0,75,30,353.01,11000,7750,40,12000
1428,70000,6,0,75,20,469.66,9000,4650,30,10000
1433,105000,5,0,75,30,393.91,11000,9300,40,12000
1434,70000,5,0,75,20,317.62,9000,4650,30,10000
1438,105000,5,0,75,30,223.62,11000,9300,40,12000
1442,100000,6,0,75,30,178.75,11000,7750,40,12000
1450,70000,6,0,75,20,242.92,9000,4650,30,10000
1482,70000,6,0,75,20,47.76,9000,4650,30,10000
1485,100000,6,0,75,30,131.19,11000,7750,40,12000
1490,105000,6,0,75,30,145.66,11000,9300,40,12000
1494,105000,5,0,75,30,188.32,11000,9300,40,12000
1498,100000,5,0,75,30,284.86,11000,7750,40,12000
1502,100000,6,0,75,30,458.75,11000,7750,40,12000
1505,100000,6,0,75,30,564.72,11000,7750,40,12000
1507,100000,4,0,75,30,489.34,11000,7750,40,12000
1510,100000,6,0,75,30,409.46,11000,7750,40,12000
1516,100000,4,0,75,30,525.76,11000,7750,40,12000
1518,70000,5,0,75,20,429.38,9000,4650,30,10000
1556,70000,6,0,75,20,192.46,9000,4650,30,10000
1563,105000,4,0,75,30,222.27,11000,9300,40,12000
1569,100000,6,0,75,30,264.75,11000,7750,40,12000
1575,105000,6,0,75,30,283.44,11000,9300,40,12000
1579,100000,4,0,75,30,269.03,11000,7750,40,12000
1581,105000,5,0,75,30,239.04,11000,9300,40,12000
1592,105000,5,0,75,30,179.36,11000,9300,40,12000
1596,70000,6,0,75,20,147.41,9000,4650,30,10000
1607,105000,6,0,75,30,183.85,11000,9300,40,12000
1624,105000,5,0,75,30,216.09,11000,9300,40,12000
1632,100000,6,0,75,30,114.04,11000,7750,40,12000
1635,100000,5,0,75,30,73.16,11000,7750,40,12000
1638,105000,6,0,75,30,114.74,11000,9300,40,12000
1642,105000,4,0,75,30,152.21,11000,9300,40,12000
1678,105000,6,0,75,30,208.63,11000,9300,40,12000
1682,100000,6,0,75,30,147.33,11000,7750,40,12000
1686,70000,5,0,75,20,57.28,9000,4650,30,10000
1692,70000,6,0,75,20,110.26,9000,4650,30,10000
1698,70000,5,0,75,20,154.15,9000,4650,30,10000
1703,105000,6,0,75,30,196.76,11000,9300,40,12000
1723,70000,6,0,75,20,190.08,9000,4650,30,10000
1727,100000,5,0,75,30,183.97,11000,7750,40,12000
1736,100000,6,0,75,30,60,11000,7750,40,12000
1739,100000,5,0,75,30,164.91,11000,7750,40,12000
1741,100000,6,0,75,30,193.76,11000,7750,40,12000
1766,100000,6,0,75,30,229.71,11000,7750,40,12000
1774,90000,5,0,75,30,244.77,9000,1240,40,10000
1788,100000,5,0,75,30,280.49,11000,7750,40,12000
1801,105000,4,0,75,30,226.08,11000,9300,40,12000
1805,100000,6,0,75,30,208.21,11000,7750,40,12000
1813,100000,5,0,75,30,227.73,11000,7750,40,12000
1827,100000,6,0,75,30,263.29,11000,7750,40,12000
1835,105000,5,0,75,30,295.58,11000,9300,40,12000
1842,105000,6,0,75,30,258.31,11000,9300,40,12000
1850,100000,6,0,75,30,217.61,11000,7750,40,12000
1856,100000,5,0,75,30,112.01,11000,7750,40,12000
1864,100000,4,0,75,30,106.78,11000,7750,40,12000
1866,105000,5,0,75,30,62.43,11000,9300,40,12000
1873,100000,4,0,75,30,68.25,11000,7750,40,12000
1882,105000,6,0,75,30,117.72,11000,9300,40,12000
1889,100000,6,0,75,30,150.76,11000,7750,40,12000
1893,105000,5,0,75,30,187.24,11000,9300,40,12000
1894,105000,4,0,75,30,196.98,11000,9300,40,12000
1899,100000,4,0,75,30,151.79,11000,7750,40,12000
1907,105000,5,0,75,30,52.17,11000,9300,40,12000
1915,105000,4,0,75,30,109.81,11000,9300,40,12000
1924,105000,6,0,75,30,145.99,11000,9300,40,12000
1933,105000,6,0,75,30,97.02,11000,9300,40,12000
1941,105000,4,0,75,30,76.22,11000,9300,40,12000
1948,105000,4,0,75,30,71.81,11000,9300,40,12000
1962,100000,4,0,75,30,61.2,11000,7750,40,12000
1971,100000,5,0,75,30,125.25,11000,7750,40,12000
1973,100000,6,0,75,30,293.9,11000,7750,40,12000
1979,100000,5,0,75,30,340.3,11000,7750,40,12000
1987,100000,6,0,75,30,267.37,11000,7750,40,12000
1991,100000,5,0,75,30,296.45,11000,7750,40,12000
2001,100000,5,0,75,30,328.4,11000,7750,40,12000
2006,105000,6,0,75,30,271.15,11000,9300,40,12000
2010,70000,6,0,75,20,260.71,9000,4650,30,10000
2018,100000,6,0,75,30,327.27,11000,7750,40,12000
2026,100000,5,0,75,30,291.29,11000,7750,40,12000
2034,100000,5,0,75,30,339.84,11000,7750,40,12000
2038,100000,5,0,75,30,306.22,11000,7750,40,12000
2044,105000,7,0,75,30,268.07,11000,9300,40,12000
2057,100000,6,0,75,30,355.76,11000,7750,40,12000
2062,105000,7,0,75,30,310.04,11000,9300,40,12000
2074,100000,7,0,75,30,357.58,11000,7750,40,12000
2085,100000,6,0,75,30,306.79,11000,7750,40,12000
2090,100000,6,0,75,30,356.72,11000,7750,40,12000
2094,100000,7,0,75,30,244,11000,7750,40,12000
2103,105000,7,0,75,30,183.17,11000,9300,40,12000
2107,105000,4,0,75,30,237.61,11000,9300,40,12000
2115,100000,7,0,75,30,157.43,11000,7750,40,12000
2119,100000,6,0,75,30,203.97,11000,7750,40,12000
2122,105000,6,0,75,30,136.36,11000,9300,40,12000
2132,100000,6,0,75,30,45.04,11000,7750,40,12000
2141,100000,6,0,75,30,47.68,11000,7750,40,12000
2147,105000,7,0,75,30,79.16,11000,9300,40,12000
2162,105000,6,0,75,30,112.36,11000,9300,40,12000
2175,100000,6,0,75,30,82.86,11000,7750,40,12000
2180,100000,6,0,75,30,93.41,11000,7750,40,12000
2188,100000,7,0,75,30,54.82,11000,7750,40,12000
2191,105000,4,0,75,30,82.46,11000,9300,40,12000
2197,100000,6,0,75,30,118.11,11000,7750,40,12000
2209,100000,7,0,75,30,55.58,11000,7750,40,12000
2223,100000,4,0,75,30,53.54,11000,9300,40,12000
2231,100000,7,0,75,30,48.84,11000,4650,40,12000
2239,100000,6,0,75,30,88.2,11000,4650,40,12000
2246,100000,6,0,75,30,42.2,11000,9300,40,12000
2251,100000,7,0,75,30,38.48,11000,9300,40,12000
2258,100000,9,0,75,30,47.76,11000,4650,40,12000
2265,100000,4,0,75,30,15.62,11000,7750,40,12000
2274,100000,9,0,75,30,23.19,11000,9300,40,12000
2276,100000,9,0,75,30,46.49,11000,7750,40,12000
2295,100000,9,0,75,30,65.73,11000,7750,40,12000
2300,100000,9,0,75,30,52.2,11000,7750,40,12000
2304,100000,7,0,75,30,67.36,11000,7750,40,12000
2311,70000,6,0,75,20,56.73,9000,7750,30,10000
2338,70000,9,0,75,20,135.2,9000,7750,30,10000
2342,70000,8,0,75,20,143.39,9000,7750,30,10000
2354,70000,9,0,75,20,121.56,9000,7750,30,10000
2358,70000,9,0,75,20,66.03,9000,9300,30,10000
2359,70000,9,0,75,20,155.97,9000,9300,30,10000
2362,70000,10,0,75,20,116.73,9000,7750,30,10000
2364,70000,8,0,75,20,151.73,9000,7750,30,10000
2368,70000,10,0,75,20,44.18,9000,9300,30,10000
2371,70000,8,0,75,20,69.32,9000,9300,30,10000
2379,70000,9,0,75,20,91.55,9000,7750,30,10000
2381,70000,10,0,75,20,37.7,9000,9300,30,10000
2389,70000,10,0,75,20,94.34,9000,7750,30,10000
2394,70000,6,0,75,20,103.46,9000,7750,30,10000
2401,70000,9,0,75,20,196.36,9000,7750,30,10000
2411,70000,10,0,75,20,187.96,9000,9300,30,10000
2423,100000,10,0,75,30,220.1,11000,7750,40,12000
2427,100000,8,0,75,30,163.62,11000,7750,40,12000
2435,105000,10,0,75,30,138.36,11000,9300,40,12000
2442,70000,10,0,75,20,213.04,9000,4650,30,10000
2449,105000,9,0,75,30,145.72,11000,9300,40,12000
2465,100000,10,0,75,30,256.45,11000,7750,40,12000
2471,105000,9,0,75,30,180.25,11000,9300,40,12000
2479,100000,8,0,75,30,214.46,11000,7750,40,12000
2484,100000,10,0,75,30,319.04,11000,7750,40,12000
2487,105000,8,0,75,30,311.67,11000,9300,40,12000
2488,100000,5,0,75,30,247.03,11000,7750,40,12000
2496,100000,9,0,75,30,145.5,11000,7750,40,12000
2500,100000,8,0,75,30,243.13,11000,7750,40,12000
2511,105000,8,0,75,30,277.12,11000,9300,40,12000
2514,100000,9,0,75,30,259.28,11000,7750,40,12000
2523,105000,8,0,75,30,223.83,11000,9300,40,12000
2532,105000,8,0,75,30,221.54,11000,9300,40,12000
2539,70000,10,0,75,20,254.95,9000,4650,30,10000
2549,105000,10,0,75,30,256.85,11000,9300,40,12000
2553,100000,8,0,75,30,304.61,11000,7750,40,12000
2558,100000,9,0,75,30,322.06,11000,7750,40,12000
2563,100000,8,0,75,30,318.11,11000,7750,40,12000
2570,100000,10,0,75,30,320.63,11000,7750,40,12000
2573,100000,6,0,75,30,256.73,11000,7750,40,12000
2578,100000,8,0,75,30,260.6,11000,7750,40,12000
2582,70000,10,0,75,20,318.02,9000,4650,30,10000
2588,100000,10,0,75,30,301.88,11000,7750,40,12000
2591,100000,10,0,75,30,234.06,11000,7750,40,12000
2593,100000,5,0,75,30,234.36,11000,7750,40,12000
2603,105000,10,0,75,30,132,11000,9300,40,12000
2609,100000,10,0,75,30,206.63,11000,7750,40,12000
2611,70000,10,0,75,20,138.22,9000,4650,30,10000
2613,100000,8,0,75,30,80.99,11000,7750,40,12000
2615,100000,6,0,75,30,26.17,11000,7750,40,12000
2626,70000,8,0,75,20,109.66,9000,4650,30,10000
2630,65000,10,0,75,20,174.52,9000,7750,30,10000
2633,65000,10,0,75,20,255.15,9000,4650,30,10000
2641,65000,8,0,75,20,297.06,9000,7750,30,10000
2647,65000,8,0,75,20,276.74,9000,9300,30,10000
2658,65000,8,0,75,20,261.28,9000,9300,30,10000
2661,65000,6,0,75,20,209.29,9000,4650,30,10000
2666,65000,5,0,75,20,238.03,9000,4650,30,10000
2675,65000,8,0,75,20,160.65,9000,7750,30,10000
2682,65000,8,0,75,20,152.07,9000,7750,30,10000
2689,65000,10,0,75,20,112.64,9000,9300,30,10000
2699,105000,10,0,75,30,177.19,11000,9300,40,12000
2702,100000,8,0,75,30,159.15,11000,7750,40,12000
2707,100000,8,0,75,30,97.59,11000,7750,40,12000
2711,70000,5,0,75,20,80.06,9000,4650,30,10000
2715,100000,8,0,75,30,70.01,11000,7750,40,12000
2748,105000,10,0,75,30,183.13,11000,9300,40,12000
2755,100000,8,0,75,30,116.71,11000,7750,40,12000
2757,105000,10,0,75,30,86.05,11000,9300,40,12000
2763,105000,10,0,75,30,46.53,11000,9300,40,12000
2771,100000,8,0,75,30,52.33,11000,7750,40,12000
2788,105000,10,0,75,30,70.72,11000,9300,40,12000
2826,100000,8,0,75,30,67.12,11000,7750,40,12000
2830,105000,10,0,75,30,141.82,11000,9300,40,12000
2843,55000,10,0,75,10,211.68,6000,9300,20,7000
2848,55000,8,0,75,10,221.62,6000,7750,20,7000
2859,100000,6,0,75,30,155.08,11000,7750,40,12000
2867,70000,8,0,75,20,248.6,9000,4650,30,10000
2870,105000,8,0,75,30,260.95,11000,9300,40,12000
2881,100000,10,0,75,30,297.67,11000,7750,40,12000
2886,100000,5,0,75,30,368.4,11000,7750,40,12000
2890,105000,8,0,75,30,315.36,11000,9300,40,12000
2891,100000,8,0,75,30,346.99,11000,7750,40,12000
2895,100000,10,0,75,30,317.16,11000,7750,40,12000
2900,105000,6,0,75,30,409.42,11000,9300,40,12000
2902,105000,10,0,75,30,461.86,11000,9300,40,12000
2905,100000,10,0,75,30,371.01,11000,7750,40,12000
2907,100000,5,0,75,30,398.42,11000,7750,40,12000
2910,105000,10,0,75,30,463.79,11000,9300,40,12000
2921,70000,6,0,75,20,308.15,9000,4650,30,10000
2923,105000,10,0,75,30,337.38,11000,9300,40,12000
2925,100000,10,0,75,30,324.49,11000,7750,40,12000
2927,100000,10,0,75,30,270.65,11000,7750,40,12000
2932,105000,8,0,75,30,180.23,11000,9300,40,12000
2941,100000,7,0,75,30,391.76,11000,7750,40,12000
2944,100000,6,0,75,30,322.41,11000,7750,40,12000
2947,70000,6,0,75,20,337,9000,4650,30,10000
2950,105000,7,0,75,30,319.9,11000,9300,40,12000
2955,100000,6,0,75,30,253.51,11000,7750,40,12000
2957,100000,6,0,75,30,229.11,11000,7750,40,12000
2960,70000,8,0,75,20,177.55,9000,4650,30,10000
2963,100000,10,0,75,30,106.47,11000,7750,40,12000
2966,105000,8,0,75,30,77.01,11000,9300,40,12000
2980,70000,10,0,75,20,87.09,9000,4650,30,10000
2983,105000,10,0,75,30,202.25,11000,9300,40,12000
2987,105000,8,0,75,30,303.64,11000,9300,40,12000
2993,100000,10,0,75,30,241.25,11000,7750,40,12000
3001,70000,10,0,75,20,116.1,9000,4650,30,10000
3019,100000,6,0,75,30,142.04,11000,7750,40,12000
3021,100000,6,0,75,30,160.8,11000,7750,40,12000
3029,105000,8,0,75,30,169.12,11000,9300,40,12000
3032,105000,8,0,75,30,115.69,11000,9300,40,12000
3046,70000,10,0,75,20,126.15,9000,4650,30,10000
3049,100000,6,0,75,30,213.46,11000,7750,40,12000
3056,100000,8,0,75,30,104,11000,7750,40,12000
3064,105000,8,0,75,30,212.21,11000,9300,40,12000
3085,105000,8,0,75,30,76.69,11000,9300,40,12000
3102,105000,5,0,75,30,99.01,11000,9300,40,12000
3139,70000,10,0,75,20,260,9000,4650,30,10000
3168,100000,10,0,75,30,46.01,11000,7750,40,12000
3183,100000,10,0,75,30,105.91,11000,7750,40,12000
3197,70000,6,0,75,20,129.99,9000,4650,30,10000
3209,105000,8,0,75,30,151.17,11000,9300,40,12000
3230,100000,5,0,75,30,78.6,11000,7750,40,12000
3236,105000,6,0,75,30,148.5,11000,9300,40,12000
3267,70000,7,0,75,20,158.9,9000,4650,30,10000
3295,70000,7,0,75,20,208.24,9000,4650,30,10000
3299,70000,7,0,75,20,99.41,9000,4650,30,10000
3336,70000,7,0,75,20,160.25,9000,4650,30,10000
3349,70000,6,0,75,20,220.51,9000,4650,30,10000
3354,90000,8,0,75,30,149.91,9000,6200,40,10000
3381,90000,8,0,75,30,78.23,9000,6200,40,10000
3384,70000,6,0,75,20,47.17,9000,4650,30,10000
3394,70000,6,0,75,20,147.96,9000,4650,30,10000
3407,90000,8,0,75,30,87.37,9000,6200,40,10000
3411,70000,6,0,75,20,89.27,9000,4650,30,10000
3414,90000,8,0,75,30,208.89,9000,6200,40,10000
3442,90000,8,0,75,30,213.78,9000,6200,40,10000
3446,70000,6,0,75,20,229.31,9000,4650,30,10000
3454,70000,6,0,75,20,152.74,9000,4650,30,10000
3465,70000,6,0,75,20,185.98,9000,4650,30,10000
3485,70000,6,0,75,20,143.68,9000,4650,30,9000
3493,70000,6,0,75,20,88.51,9000,4650,30,9000
3532,70000,6,0,75,20,126.57,9000,4650,30,9000
3556,70000,6,0,75,20,295.1,9000,4650,30,9000
3559,90000,8,0,75,30,202.06,9000,6200,40,9000
3567,70000,6,0,75,20,295.43,9000,4650,30,9000
3577,70000,6,0,75,20,310.11,9000,4650,30,9000
3583,70000,6,0,75,20,233.14,9000,4650,30,9000
3624,70000,6,0,75,20,187.78,9000,4650,30,9000
3628,70000,6,0,75,20,308.1,9000,4650,30,9000
3639,90000,8,0,75,30,344.48,9000,6200,40,9000
3650,70000,6,0,75,20,339.53,9000,4650,30,9000
3661,90000,8,0,75,30,304.31,9000,6200,40,9000
3669,90000,8,0,75,30,204.79,9000,6200,40,9000
3677,90000,8,0,75,30,290.72,9000,6200,40,9000
3679,90000,8,0,75,30,132.7,9000,6200,40,9000
3681,70000,6,0,75,20,121.75,9000,4650,30,9000
3694,90000,8,0,75,30,195.01,9000,6200,40,9000
3709,70000,6,0,75,20,149.6,9000,4650,30,9000
3734,70000,8,0,75,20,410.67,9000,6200,30,9000
3744,70000,6,0,75,20,320.65,9000,4650,30,9000
3751,70000,8,0,75,20,406.23,9000,6200,30,9000
3759,70000,6,0,75,20,546.36,9000,4650,30,9000
3779,70000,6,0,75,20,60.21,9000,6200,30,9000
3793,70000,6,0,75,20,73.35,9000,6200,30,9000
3802,90000,6,0,75,30,113.15,9000,4650,40,9000
3810,90000,6,0,75,30,81.22,9000,4650,40,9000
3819,90000,6,0,75,30,80.75,9000,4650,40,9000
3825,90000,6,0,75,30,229.03,9000,6200,40,9000
3832,90000,6,0,75,30,471.35,9000,4650,40,9000
3841,90000,6,0,75,30,390.93,9000,4650,40,9000
3843,90000,6,0,75,30,429.75,9000,4650,40,9000
3850,90000,6,0,75,30,312.82,9000,6200,40,9000
3867,70000,6,0,75,20,319.86,9000,4650,30,9000
3888,70000,6,0,75,20,481.27,9000,4650,30,9000
3894,70000,6,0,75,20,373.61,9000,4650,30,9000
3906,90000,6,0,75,30,152.08,9000,6200,40,9000
3911,90000,6,0,75,30,178.19,9000,6200,40,9000
3932,90000,6,0,75,30,240.05,9000,6200,40,9000
3942,90000,6,0,75,30,262.49,9000,6200,40,9000
3948,70000,6,0,75,20,394.87,9000,4650,30,9000
3963,90000,6,0,75,30,365.17,9000,6200,40,9000
3966,70000,6,0,75,20,183.36,9000,4650,30,9000
3976,90000,6,0,75,30,227.27,9000,6200,40,9000
3991,90000,6,0,75,30,253.12,9000,6200,40,9000
3994,70000,6,0,75,20,86.93,9000,4650,30,9000
4008,90000,6,0,75,30,90.43,9000,6200,40,9000
4012,70000,6,0,75,20,174.18,9000,4650,30,9000
4036,70000,6,0,75,20,217.86,9000,4650,30,9000
4040,90000,6,0,75,30,280.06,9000,6200,40,9000
4047,70000,6,0,75,20,168.05,9000,4650,30,9000
4068,70000,6,0,75,20,336.01,9000,4650,30,9000
4074,70000,6,0,75,20,391.66,9000,4650,30,9000
4084,90000,6,0,75,30,470.12,9000,6200,40,9000
4090,90000,6,0,75,30,505.18,9000,6200,40,9000
4100,70000,6,0,75,20,523.07,9000,4650,30,9000
4104,90000,6,0,75,30,419,9000,6200,40,9000
4122,70000,6,0,75,20,507.63,9000,4650,30,9000
4146,90000,6,0,75,30,348.3,9000,6200,40,10000
4150,70000,6,0,75,20,345.61,9000,4650,30,10000
4154,50000,5,0,75,10,274.9,7000,3100,20,8000
4177,50000,5,0,75,10,167.6,7000,3100,20,8000
4258,70000,6,0,75,20,292.36,9000,4650,30,10000
4266,90000,6,0,75,30,383.94,9000,6200,40,10000
4269,90000,6,0,75,30,357.19,9000,6200,40,10000
4276,40000,5,0,75,10,291.78,7000,2480,20,8000
4289,40000,5,0,75,10,367.35,7000,2480,20,8000
4303,50000,5,0,75,10,253.65,7000,3100,20,8000
4339,40000,5,0,75,10,281.83,7000,2480,20,8000
4355,50000,5,0,75,10,273.75,7000,3100,20,8000
4369,50000,5,0,75,10,300.83,7000,3100,20,8000
4375,50000,5,0,75,10,349.21,7000,3100,20,8000
4475,70000,6,0,75,20,426.48,9000,4650,30,10000
4481,70000,6,0,75,20,429.36,9000,4650,30,10000
4496,50000,5,0,75,10,392.21,7000,3100,20,8000
4532,50000,5,0,75,10,342.53,7000,3100,20,8000
4551,90000,6,0,75,30,391.09,9000,6200,40,10000
4576,70000,6,0,75,20,278.71,9000,4650,30,10000
4593,40000,5,0,75,10,212.95,7000,2480,20,8000
4627,90000,6,0,75,30,278.63,9000,6200,40,10000
4637,50000,5,0,75,10,323.54,7000,3100,20,8000
4645,40000,6,0,75,10,421.23,7000,1860,20,8000
4647,50000,5,0,75,10,345.01,7000,3100,20,8000
4675,40000,5,0,75,10,308.52,7000,2480,20,8000
4686,40000,6,0,75,10,401.4,7000,1860,20,8000
4699,50000,5,0,75,10,326.7,7000,3100,20,8000
4706,40000,5,0,75,10,417.54,7000,2480,20,8000
4724,90000,6,0,75,30,127,9000,6200,40,10000
4768,50000,5,0,75,10,36.24,7000,3100,20,8000
4777,50000,5,0,75,10,103.09,7000,3100,20,8000
4786,70000,6,0,75,20,189.31,9000,4650,30,10000
4792,50000,5,0,75,10,200.46,7000,3100,20,8000
4834,70000,6,0,75,20,175.82,9000,4650,30,10000
4862,50000,5,0,75,10,94.83,7000,3100,20,8000
4886,90000,6,0,75,30,50.16,9000,6200,40,10000
4900,50000,5,0,75,10,83.76,7000,3100,20,8000
4940,70000,5,0,75,20,57.94,9000,4650,30,10000
4979,70000,5,0,75,20,131.03,9000,4650,30,10000
4996,70000,5,0,75,20,143.89,9000,4650,30,10000
5000,70000,5,0,75,20,167.29,9000,4650,30,10000
5008,90000,6,0,75,30,124.33,9000,6200,40,10000
5071,70000,5,0,75,20,64.5,9000,4650,30,10000
5079,70000,5,0,75,20,23,9000,4650,30,10000
5103,70000,5,0,75,20,136.74,9000,4650,30,10000
5115,70000,5,0,75,20,224.61,9000,4650,30,10000
5136,90000,6,0,75,30,434.95,9000,6200,40,10000
5143,70000,5,0,75,20,446.16,9000,4650,30,10000
5158,90000,6,0,75,30,586.78,9000,6200,40,10000
5178,70000,5,0,75,20,485.49,9000,4650,30,10000
5199,70000,5,0,75,20,137.41,9000,4650,30,10000
5224,90000,6,0,75,30,207.52,9000,6200,40,10000
5252,45000,6,0,75,10,148.22,7000,6200,20,8000
5288,90000,6,0,75,30,135.03,9000,6200,40,10000
5296,70000,5,0,75,20,234.05,9000,4650,30,10000
5315,70000,5,0,75,20,85.23,9000,4650,30,10000
5322,90000,6,0,75,30,154.39,9000,6200,40,10000
5363,45000,6,0,75,10,254.33,7000,6200,20,8000
5402,90000,6,0,75,30,245.8,9000,6200,40,10000
5429,70000,5,0,75,20,254.47,9000,4650,30,10000
5433,90000,6,0,75,30,327.07,9000,6200,40,10000
5437,90000,6,0,75,30,308.87,9000,6200,40,10000
5447,90000,6,0,75,30,364.97,9000,6200,40,10000
5461,70000,5,0,75,20,382.93,9000,4650,30,10000
5478,70000,5,0,75,20,339.04,9000,4650,30,10000
5515,85000,6,0,75,20,234.48,8000,6200,30,9000
5541,85000,6,0,75,20,92.02,8000,6200,30,9000
5545,85000,5,0,75,20,156.32,8000,4650,30,9000
5556,85000,6,0,75,20,71.17,8000,6200,30,9000
5586,85000,5,0,75,20,155.79,8000,4650,30,9000
5592,85000,6,0,75,20,89.84,8000,6200,30,9000
5629,85000,5,0,75,20,137.75,8000,4650,30,9000
5678,70000,5,0,75,20,180.25,9000,4650,30,10000
5689,70000,5,0,75,20,259.33,9000,4650,30,10000
5719,90000,6,0,75,30,336.03,9000,6200,40,10000
5738,90000,6,0,75,30,106.98,9000,6200,40,10000
5741,70000,5,0,75,20,211.48,9000,4650,30,10000
5744,90000,6,0,75,30,322.91,9000,6200,40,10000
5746,70000,5,0,75,20,297.43,9000,4650,30,10000
5764,70000,5,0,75,20,375.95,9000,4650,30,10000
5776,90000,6,0,75,30,252.17,9000,6200,40,10000
5779,70000,5,0,75,20,406.12,9000,4650,30,10000
5800,90000,6,0,75,30,418.08,9000,6200,40,10000
5807,90000,6,0,75,30,378.08,9000,6200,40,10000
5844,90000,6,0,75,30,388.6,9000,6200,40,10000
5897,90000,6,0,75,30,644.24,9000,6200,40,10000
5900,70000,6,0,75,20,619.08,9000,4650,30,10000
5931,90000,6,0,75,30,421.46,9000,6200,40,10000
5949,90000,6,0,75,30,538.35,9000,6200,40,10000
5991,90000,6,0,75,30,531.98,9000,6200,40,10000
6003,70000,6,0,75,20,616.76,9000,4650,30,10000
6016,90000,6,0,75,30,736.77,9000,6200,40,10000
6028,90000,6,0,75,30,640.86,9000,6200,40,10000
6040,70000,6,0,75,20,401.31,9000,4650,30,10000
6053,90000,6,0,75,30,434.63,9000,6200,40,10000
6058,70000,6,0,75,20,393.39,9000,4650,30,10000
6068,90000,6,0,75,30,428.78,9000,6200,40,10000
6077,90000,6,0,75,30,416.48,9000,6200,40,10000
6095,70000,6,0,75,20,482.9,9000,4650,30,10000
6104,90000,6,0,75,30,515.38,9000,6200,40,10000
6109,90000,6,0,75,30,644.1,9000,6200,40,10000
6117,90000,6,0,75,30,560.29,9000,6200,40,10000
6136,70000,6,0,75,20,507.99,9000,4650,30,10000
6243,95000,6,0,75,30,39.96,9000,6200,40,10000
6250,95000,6,0,75,30,84.58,9000,6200,40,10000
6253,95000,6,0,75,30,130.18,9000,4650,40,10000
6254,95000,6,0,75,30,108.71,9000,4650,40,10000
6257,95000,6,0,75,30,53.85,9000,4650,40,10000
6259,95000,6,0,75,30,105.65,9000,4650,40,10000
6261,95000,6,0,75,30,162.2,9000,4650,40,10000
6270,95000,6,0,75,30,86.03,9000,6200,40,10000
6279,95000,6,0,75,30,171.35,9000,6200,40,10000
6284,95000,6,0,75,30,173.42,9000,4650,40,10000
6293,95000,6,0,75,30,194.1,9000,4650,40,10000
6305,70000,6,0,75,20,241.66,9000,4650,30,10000
6325,90000,6,0,75,30,279.87,9000,6200,40,10000
6330,70000,6,0,75,20,194,9000,4650,30,10000
6335,70000,6,0,75,20,258.7,9000,4650,30,10000
6342,70000,6,0,75,20,189.74,9000,4650,30,10000
6359,70000,6,0,75,20,80.6,9000,4650,30,10000
6363,70000,6,0,75,20,35.13,9000,4650,30,10000
6370,90000,5,0,75,30,110.32,9000,6200,40,10000
6373,90000,5,0,75,30,115.52,9000,6200,40,10000
6376,90000,5,0,75,30,165.68,9000,6200,40,10000
6382,70000,6,0,75,20,263.22,9000,4650,30,10000
6387,70000,6,0,75,20,312.29,9000,4650,30,10000
6391,70000,6,0,75,20,249.01,9000,4650,30,10000
6403,70000,6,0,75,20,259.12,9000,4650,30,10000
6409,90000,5,0,75,30,200.08,9000,6200,40,10000
6412,70000,6,0,75,20,150.44,9000,4650,30,10000
6419,90000,5,0,75,30,78.64,9000,6200,40,10000
6426,70000,6,0,75,20,244.14,9000,4650,30,10000
6429,70000,6,0,75,20,269.22,9000,4650,30,10000
6433,70000,6,0,75,20,282.78,9000,4650,30,10000
6435,90000,5,0,75,30,339.24,9000,6200,40,10000
6436,90000,5,0,75,30,320.98,9000,6200,40,10000
6437,90000,5,0,75,30,299.29,9000,6200,40,10000
6439,70000,6,0,75,20,300.2,9000,4650,30,10000
6442,70000,6,0,75,20,282.4,9000,4650,30,10000
6448,90000,5,0,75,30,254.61,9000,6200,40,10000
6452,90000,5,0,75,30,275.15,9000,6200,40,10000
6455,70000,6,0,75,20,210.09,9000,4650,30,10000
6457,70000,6,0,75,20,217.52,9000,4650,30,10000
6468,70000,6,0,75,20,329.16,9000,4650,30,10000
6475,70000,6,0,75,20,251.48,9000,4650,30,10000
6481,70000,6,0,75,20,196.02,9000,4650,30,10000
6487,70000,6,0,75,20,175.97,9000,4650,30,10000
6498,90000,5,0,75,30,208.24,9000,6200,40,10000
6506,90000,5,0,75,30,150.44,9000,6200,40,10000
6509,90000,5,0,75,30,138.22,9000,6200,40,10000
6516,70000,6,0,75,20,246.66,9000,4650,30,10000
6524,70000,6,0,75,20,180.4,9000,4650,30,10000
6534,70000,6,0,75,20,261.02,9000,4650,30,10000
6540,90000,5,0,75,30,205.64,9000,6200,40,10000
6556,70000,5,0,75,20,222.65,9000,6200,30,10000
6567,70000,5,0,75,20,148.82,9000,6200,30,10000
6576,90000,5,0,75,30,162.56,9000,6200,40,10000
6587,90000,5,0,75,30,103.35,9000,6200,40,10000
6591,70000,6,0,75,20,155.94,9000,4650,30,10000
6600,70000,6,0,75,20,116.47,9000,4650,30,10000
6616,90000,5,0,75,30,113.22,9000,6200,40,10000
6627,90000,5,0,75,30,89.55,9000,6200,40,10000
6636,70000,6,0,75,20,114.79,9000,4650,30,10000
6641,70000,6,0,75,20,159.67,9000,4650,30,10000
6642,70000,6,0,75,20,81.34,9000,4650,30,10000
6645,70000,6,0,75,20,52.63,9000,4650,30,10000
6662,70000,6,0,75,20,40.61,9000,4650,30,10000
6670,70000,6,0,75,20,84.6,9000,4650,30,10000
6696,70000,6,0,75,20,105.91,9000,4650,30,10000
6700,75000,6,0,75,20,156.04,8000,4650,30,9000
6717,75000,6,0,75,20,167.72,8000,4650,30,9000
6726,75000,5,0,75,20,60.78,8000,6200,30,9000
6736,75000,5,0,75,20,118.36,8000,6200,30,9000
6748,75000,5,0,75,20,91.92,8000,6200,30,9000
6763,75000,5,0,75,20,111.83,8000,6200,30,9000
6780,75000,5,0,75,20,84.58,8000,6200,30,9000
6789,75000,5,0,75,20,126.04,8000,6200,30,9000
6797,75000,5,0,75,20,130,8000,4650,30,9000
6803,75000,5,0,75,20,26.4,8000,4650,30,9000
6811,75000,5,0,75,20,65.07,8000,4650,30,9000
6812,75000,5,0,75,20,45.22,8000,4650,30,9000
6823,75000,5,0,75,20,149.01,8000,6200,30,9000
6825,75000,5,0,75,20,189.69,8000,6200,30,9000
6826,75000,5,0,75,20,92.72,8000,6200,30,9000
6831,75000,5,0,75,20,83.2,8000,4650,30,9000
6839,75000,5,0,75,20,134.63,8000,4650,30,9000
6842,75000,5,0,75,20,174.87,8000,4650,30,9000
6845,75000,5,0,75,20,147.41,8000,6200,30,9000
6858,75000,5,0,75,20,10.05,8000,6200,30,9000
6865,75000,5,0,75,20,51.01,8000,4650,30,9000
6868,75000,5,0,75,20,97.35,8000,6200,30,9000
6880,75000,5,0,75,20,113.16,8000,4650,30,9000
6899,75000,5,0,75,20,144.26,8000,4650,30,9000
6903,75000,5,0,75,20,146.7,8000,6200,30,9000
6904,75000,5,0,75,20,35.74,8000,6200,30,9000
6908,75000,5,0,75,20,40.8,8000,4650,30,9000
6914,75000,5,0,75,20,73.41,8000,4650,30,9000
6918,75000,5,0,75,20,111.36,8000,6200,30,9000
6921,75000,5,0,75,20,34.13,8000,6200,30,9000
6926,90000,5,0,75,30,64.03,9000,6200,40,10000
6934,90000,5,0,75,30,86.21,9000,6200,40,10000
6950,90000,5,0,75,30,92.27,9000,6200,40,10000
6963,70000,5,0,75,20,106.78,9000,4650,30,10000
7055,70000,5,0,75,20,205.64,9000,4650,30,10000
7059,70000,5,0,75,20,296.2,9000,4650,30,10000
7063,90000,5,0,75,30,325.53,9000,6200,40,10000
7075,70000,5,0,75,20,310.64,9000,4650,30,10000
7081,70000,5,0,75,20,254.26,9000,4650,30,10000
7084,70000,5,0,75,20,255.38,9000,4650,30,10000
7087,70000,5,0,75,20,262.15,9000,4650,30,10000
7096,70000,5,0,75,20,171.29,9000,4650,30,10000
7110,70000,5,0,75,20,200.86,9000,4650,30,10000
7116,90000,5,0,75,30,104.24,9000,6200,40,10000
7123,85000,5,0,75,20,170.66,8000,4650,30,9000
7145,85000,5,0,75,20,45.49,8000,4650,30,9000
7153,85000,5,0,75,20,112.22,8000,4650,30,9000
7158,85000,5,0,75,20,104.62,8000,4650,30,9000
7168,85000,5,0,75,20,164.08,8000,4650,30,9000
7179,85000,5,0,75,20,176.85,8000,4650,30,9000
7190,85000,5,0,75,20,99.46,8000,6200,30,9000
7204,85000,5,0,75,20,223.52,8000,4650,30,9000
7218,85000,5,0,75,20,260.76,8000,4650,30,9000
7252,85000,5,0,75,20,277.42,8000,4650,30,9000
7255,85000,5,0,75,20,202.94,8000,6200,30,9000
7268,95000,5,0,75,30,126.62,9000,6200,40,10000
7289,95000,5,0,75,30,60.96,9000,6200,40,10000
7291,95000,5,0,75,30,89.68,9000,4650,40,10000
7298,95000,5,0,75,30,151.43,9000,4650,40,10000
7302,95000,5,0,75,30,100.09,9000,6200,40,10000
7332,95000,5,0,75,30,43.17,9000,6200,40,10000
7346,95000,5,0,75,30,131.14,9000,6200,40,10000
7351,95000,5,0,75,30,180.94,9000,6200,40,10000
7356,95000,5,0,75,30,132.26,9000,4650,40,10000
7359,95000,5,0,75,30,205.3,9000,6200,40,10000
7374,95000,5,0,75,30,239.78,9000,6200,40,10000
7376,95000,5,0,75,30,169,9000,4650,40,10000
7381,95000,5,0,75,30,38.83,9000,6200,40,10000
7387,95000,5,0,75,30,88.24,9000,4650,40,10000
7391,95000,5,0,75,30,166.37,9000,6200,40,10000
7392,95000,5,0,75,30,202.81,9000,4650,40,10000
7399,95000,5,0,75,30,253.16,9000,4650,40,10000
7404,95000,5,0,75,30,322.1,9000,4650,40,10000
7407,95000,5,0,75,30,237.89,9000,6200,40,10000
7422,95000,5,0,75,30,132.85,9000,6200,40,10000
7425,95000,5,0,75,30,283.73,9000,6200,40,10000
7427,95000,5,0,75,30,268.2,9000,6200,40,10000
7438,95000,5,0,75,30,234.4,9000,6200,40,10000
7442,95000,6,0,75,30,255.34,9000,4650,40,10000
7446,95000,5,0,75,30,245.6,9000,6200,40,10000
7454,95000,5,0,75,30,278.26,9000,6200,40,10000
7457,95000,5,0,75,30,158.45,9000,6200,40,10000
7461,95000,6,0,75,30,60.27,9000,4650,40,10000
7463,95000,6,0,75,30,268.88,9000,4650,40,10000
7467,95000,5,0,75,30,367.14,9000,6200,40,10000
7471,95000,6,0,75,30,322.61,9000,4650,40,10000
7473,95000,6,0,75,30,276.59,9000,4650,40,10000
7478,90000,5,0,75,30,193.02,9000,6200,40,10000
7485,90000,5,0,75,30,170.06,9000,6200,40,10000
7492,70000,6,0,75,20,92.42,9000,4650,30,10000
7497,90000,5,0,75,30,217.86,9000,6200,40,10000
7508,70000,6,0,75,20,208.2,9000,4650,30,10000
7514,70000,6,0,75,20,354.35,9000,4650,30,10000
7517,90000,5,0,75,30,340.07,9000,6200,40,10000
7518,90000,5,0,75,30,259.7,9000,6200,40,10000
7520,70000,6,0,75,20,257.74,9000,4650,30,10000
7532,90000,5,0,75,30,174.89,9000,6200,40,10000
7537,70000,6,0,75,20,308.3,9000,4650,30,10000
7540,70000,6,0,75,20,274.15,9000,4650,30,10000
7547,70000,6,0,75,20,212.48,9000,4650,30,10000
7557,70000,6,0,75,20,117.28,9000,4650,30,10000
7569,70000,6,0,75,20,37.64,9000,4650,30,10000
7579,90000,5,0,75,30,95.52,9000,6200,40,10000
7584,90000,5,0,75,30,169.1,9000,6200,40,10000
7592,70000,6,0,75,20,278,9000,4650,30,10000
7601,90000,5,0,75,30,254.75,9000,6200,40,10000
7603,70000,6,0,75,20,346.9,9000,4650,30,10000
7612,90000,5,0,75,30,417,9000,6200,40,10000
7618,70000,6,0,75,20,405.19,9000,4650,30,10000
7621,90000,5,0,75,30,413.7,9000,6200,40,10000
7623,70000,6,0,75,20,349.95,9000,4650,30,10000
7630,90000,5,0,75,30,202.08,9000,6200,40,10000
7639,70000,6,0,75,20,294.33,9000,4650,30,10000
7652,70000,6,0,75,20,424.84,9000,4650,30,10000
7657,90000,5,0,75,30,52.4,9000,6200,40,10000
7688,70000,6,0,75,20,196.73,9000,4650,30,10000
7694,90000,5,0,75,30,278.23,9000,6200,40,10000
7700,90000,5,0,75,30,171.01,9000,6200,40,10000
7704,90000,5,0,75,30,102.96,9000,6200,40,10000
7716,90000,5,0,75,30,91.55,9000,6200,40,10000
7728,70000,6,0,75,20,98.68,9000,4650,30,10000
7734,70000,6,0,75,20,258.05,9000,4650,30,10000
7748,70000,6,0,75,20,187.95,9000,4650,30,10000
7756,70000,6,0,75,20,227.38,9000,4650,30,10000
7758,70000,6,0,75,20,167.24,9000,4650,30,10000
7765,70000,6,0,75,20,190.38,9000,4650,30,10000
7769,70000,6,0,75,20,88.57,9000,4650,30,10000
7770,70000,6,0,75,20,60.77,9000,4650,30,10000
7776,70000,6,0,75,20,200.83,9000,4650,30,10000
7780,70000,6,0,75,20,205.06,9000,4650,30,10000
7795,70000,6,0,75,20,158.38,9000,4650,30,10000
7805,70000,6,0,75,20,150.12,9000,4650,30,10000
7814,90000,5,0,75,30,38.08,9000,6200,40,10000
7827,90000,5,0,75,30,103.58,9000,6200,40,10000
7916,90000,5,0,75,60,312.75,9000,6200,40,10000
7919,90000,5,0,75,60,236.03,9000,6200,40,10000
7926,70000,6,0,75,60,278.79,9000,4650,30,10000
7929,90000,5,0,75,60,166.71,9000,6200,40,10000
7932,70000,6,0,75,60,227.27,9000,4650,30,10000
7937,90000,5,0,75,60,281.37,9000,6200,40,10000
7946,90000,5,0,75,60,279.51,9000,6200,40,10000
7956,70000,6,0,75,60,156.26,9000,4650,30,10000
7961,70000,6,0,75,60,244.44,9000,4650,30,10000
7965,70000,6,0,75,60,317.65,9000,4650,30,10000
7971,70000,6,0,75,60,317.83,9000,4650,30,10000
7982,90000,5,0,75,60,343.01,9000,6200,40,10000
8004,90000,5,0,75,60,394.97,9000,6200,40,10000
8009,70000,6,0,75,60,324.3,9000,4650,30,10000
8031,70000,6,0,75,60,343.83,9000,4650,30,10000
8036,90000,5,0,75,60,349.26,9000,6200,40,10000
8039,70000,6,0,75,60,375.37,9000,4650,30,10000
8045,70000,6,0,75,60,90.67,9000,4650,30,10000
8064,90000,5,0,75,60,149.16,9000,6200,40,10000
8069,70000,6,0,75,30,119,9000,4650,30,10000
8075,55000,5,0,75,30,223.45,6000,6200,20,7000
8090,55000,6,0,75,30,247,6000,4650,20,7000
8092,55000,5,0,75,30,111.14,6000,6200,20,7000
8101,55000,5,0,75,30,163.23,6000,6200,20,7000
8114,55000,6,0,75,60,159.89,6000,4650,20,7000
8121,55000,5,0,75,60,281.17,6000,6200,20,7000
8127,55000,5,0,75,60,81.27,6000,6200,20,7000
8142,55000,5,0,75,60,199.46,6000,6200,20,7000
8154,55000,6,0,75,60,149.69,6000,4650,20,7000
8171,55000,6,0,75,60,223.37,6000,4650,20,7000
8181,55000,6,0,75,60,295.1,6000,4650,20,7000
8184,55000,5,0,75,60,336.15,6000,6200,20,7000
8186,70000,6,0,75,60,320.33,9000,4650,30,10000
8190,70000,6,0,75,60,272.39,9000,4650,30,10000
8202,65000,6,0,75,60,256.01,9000,4650,30,10000
8206,65000,5,0,75,60,188.49,9000,6200,30,10000
8218,65000,5,0,75,40,109.07,9000,6200,30,10000
8237,65000,5,0,75,40,144.25,9000,6200,30,10000
8246,65000,6,0,75,40,63.81,9000,4650,30,10000
8258,65000,6,0,75,40,67.54,9000,4650,30,10000
8289,65000,6,0,75,30,38.83,9000,4650,30,10000
8319,65000,5,0,75,30,96.02,9000,6200,30,10000
8334,65000,5,0,75,30,188.74,9000,6200,30,10000
8349,65000,6,0,75,30,146.25,9000,4650,30,10000
8366,65000,6,0,75,45,179.51,9000,4650,30,10000
8371,65000,6,0,75,45,139.04,9000,4650,30,10000
8389,65000,5,0,75,45,243.4,9000,6200,30,10000
8423,65000,5,0,75,45,71.03,9000,6200,30,10000
8454,70000,6,0,75,45,115.97,9000,4650,30,10000
8461,70000,6,0,75,45,187,9000,4650,30,10000
8482,70000,6,0,75,45,107.84,9000,4650,30,10000
8498,90000,5,0,75,45,131.32,9000,6200,40,10000
8506,70000,6,0,75,45,201.23,9000,4650,30,10000
8523,70000,6,0,75,45,214.7,9000,4650,30,10000
8528,70000,6,0,75,45,272.03,9000,4650,30,10000
8534,70000,6,0,75,45,419.31,9000,4650,30,10000
8536,90000,5,0,75,45,405.05,9000,6200,40,10000
8542,70000,6,0,75,45,792.91,9000,4650,30,10000
8547,70000,6,0,75,45,648.04,9000,4650,30,10000
8554,70000,6,0,75,60,569.08,9000,4650,30,10000
8557,90000,5,0,75,60,494.01,9000,6200,40,10000
8564,90000,5,0,75,60,465.7,9000,6200,40,10000
8569,90000,5,0,75,60,611.74,9000,6200,40,10000
8570,70000,6,0,75,60,730.95,9000,4650,30,10000
8572,70000,6,0,75,60,644.66,9000,4650,30,10000
8576,70000,6,0,75,60,475.62,9000,4650,30,10000
8578,90000,5,0,75,60,576.34,9000,6200,40,10000
8579,70000,6,0,75,60,472.02,9000,4650,30,10000
8583,90000,5,0,75,60,390.23,9000,6200,40,10000
8590,70000,6,0,75,60,328.87,9000,4650,30,10000
8606,70000,6,0,75,60,241.15,9000,4650,30,10000
8619,90000,5,0,75,30,141.82,9000,6200,40,10000
8629,90000,5,0,75,30,68.88,9000,6200,40,10000
8638,70000,6,0,75,30,129.6,9000,4650,30,10000
8659,90000,5,0,75,30,256.73,9000,6200,40,10000
8674,90000,5,0,75,30,320.25,9000,6200,40,10000
8689,90000,5,0,75,30,99.92,9000,6200,40,10000
8741,95000,6,0,75,40,349.89,9000,4650,40,10000
8753,95000,5,0,75,40,562.47,9000,6200,40,10000
8756,95000,6,0,75,40,711.4,9000,4650,40,10000
8762,95000,5,0,75,40,678.28,9000,6200,40,10000
8770,95000,5,0,75,40,801.24,9000,6200,40,10000
8804,90000,5,0,75,40,848.38,9000,6200,40,10000
8809,70000,6,0,75,40,777.41,9000,4650,30,10000
8814,70000,6,0,75,40,867.16,9000,4650,30,10000
8816,70000,6,0,75,40,818.21,9000,4650,30,10000
8824,90000,5,0,75,40,888.79,9000,6200,40,10000
8838,90000,5,0,75,60,738.36,9000,6200,40,10000
8839,90000,5,0,75,60,675.67,9000,6200,40,10000
8844,70000,6,0,75,60,636.03,9000,4650,30,10000
8849,90000,5,0,75,60,581.61,9000,6200,40,10000
8859,90000,5,0,75,60,504.73,9000,6200,40,10000
8866,90000,5,0,75,60,554.22,9000,6200,40,10000
8873,70000,6,0,75,60,476.18,9000,4650,30,10000
8876,90000,5,0,75,60,419.65,9000,6200,40,10000
8880,90000,5,0,75,60,572.07,9000,6200,40,10000
8885,90000,5,0,75,60,479.15,9000,6200,40,10000
8892,90000,5,0,75,60,353.14,9000,6200,40,10000
8900,70000,6,0,75,60,542.37,9000,4650,30,10000
8916,90000,5,0,75,60,349.41,9000,6200,40,10000
9016,100000,5,0,75,30,89.81,11000,6200,40,12000
9027,100000,6,0,75,30,127.12,11000,4650,40,12000
9044,100000,6,0,75,30,155.24,11000,4650,40,12000
9071,100000,6,0,75,30,230.2,11000,4650,40,12000
9085,100000,6,0,75,30,190.37,11000,4650,40,12000
9097,100000,6,0,75,30,195.8,11000,5580,40,12000
9123,100000,6,0,75,30,190.34,11000,5580,40,12000
9165,100000,5,0,75,30,113.44,11000,3100,40,12000
9178,70000,6,0,75,20,186.42,9000,4650,30,10000
9191,40000,6,0,75,10,82.46,7000,1860,20,8000
9273,105000,6,0,75,30,156.71,11000,4650,40,12000
9288,105000,6,0,75,30,218.08,11000,4650,40,12000
9312,105000,5,0,75,30,166.4,11000,3100,40,12000
9331,105000,5,0,75,30,133.65,11000,3100,40,12000
9357,105000,6,0,75,30,107.87,11000,4650,40,12000
9429,105000,6,0,75,30,78.26,11000,4650,40,12000
9460,50000,5,0,75,10,124.53,7000,3100,20,8000
9479,84000,6,0,75,20,127.53,8000,5580,30,9000
9536,40000,5,0,75,10,156.59,7000,2480,20,8000
9559,40000,5,0,75,10,81.02,7000,2480,20,8000
9595,50000,5,0,75,10,47.01,7000,3100,20,8000
9616,50000,5,0,75,10,77.16,7000,3100,20,8000
9627,84000,6,0,75,20,86,8000,5580,30,9000
9651,50000,5,0,75,10,170.11,7000,3100,20,8000
9658,70000,6,0,75,20,104.81,9000,4650,30,10000
9681,40000,6,0,75,10,79.16,7000,1860,20,8000
9691,84000,6,0,75,20,158.86,8000,5580,30,9000
9750,70000,6,0,75,20,113.6,9000,4650,30,10000
9754,50000,5,0,75,10,69.66,7000,3100,20,8000
9795,50000,5,0,75,10,141.43,7000,3100,20,8000
9816,40000,6,0,75,10,133.6,7000,1860,20,8000
9855,70000,6,0,75,20,182.92,9000,4650,30,10000
9878,70000,6,0,75,20,138.5,9000,4650,30,10000
9929,40000,5,0,75,10,76.58,7000,2480,20,8000
9960,70000,6,0,75,20,46.62,9000,4650,30,10000
9980,84000,6,0,75,20,114.34,8000,5580,30,9000
10030,84000,6,0,75,20,49.48,8000,5580,30,9000
10062,84000,6,0,75,20,143.54,8000,5580,30,9000
10084,84000,6,0,75,20,85.01,8000,5580,30,9000
10128,70000,6,0,75,20,156.01,9000,4650,30,10000
10139,84000,6,0,75,20,101.91,8000,5580,30,9000
10164,70000,6,0,75,20,92.89,9000,4650,30,10000
10176,84000,6,0,75,20,44.65,8000,5580,30,9000
10263,70000,6,0,75,20,105.8,9000,4650,30,10000
10284,42000,6,0,75,10,60.31,7000,2790,20,8000
10346,70000,6,0,75,20,107.28,9000,4650,30,10000
10368,56000,6,0,75,20,157.54,6000,3720,20,7000
10374,42000,6,0,75,10,200.01,7000,2790,20,8000
10391,56000,6,0,75,20,236.08,6000,3720,20,7000
10400,56000,6,0,75,20,222,6000,3720,20,7000
10412,56000,6,0,75,20,286.5,6000,3720,20,7000
10422,56000,6,0,75,20,285.95,6000,3720,20,7000
10459,56000,6,0,75,20,162.56,6000,3720,20,7000
10482,70000,6,0,75,20,256.56,9000,4650,30,10000
10490,42000,6,0,75,10,171.09,7000,2790,20,8000
10538,70000,6,0,75,20,150.36,9000,4650,30,10000
10551,56000,6,0,75,20,249.83,6000,3720,20,7000
10582,56000,6,0,75,20,325.07,6000,3720,20,7000
11481,50000,5,0,75,10,319.27,7000,3100,20,8000
11488,40000,6,0,75,10,259.12,7000,1860,20,8000
11494,70000,6,0,75,20,179.64,9000,4650,30,10000
11515,40000,6,0,75,10,277.14,7000,1860,20,8000
11516,40000,5,0,75,10,159.81,7000,2480,20,8000
11524,70000,6,0,75,20,127.14,9000,4650,30,10000
11537,50000,5,0,75,10,48.85,7000,3100,20,8000
11546,40000,5,0,75,10,101.08,7000,2480,20,8000
11567,50000,5,0,75,10,176.51,7000,3100,20,8000
11578,50000,5,0,75,10,204.13,7000,3100,20,8000
11588,70000,6,0,75,20,281.04,9000,4650,30,10000
11594,50000,5,0,75,10,252.24,7000,3100,20,8000
11597,50000,5,0,75,10,264.37,7000,3100,20,8000
11604,50000,5,0,75,10,192.21,7000,3100,20,8000
11609,40000,5,0,75,10,125.26,7000,2480,20,8000
11613,50000,5,0,75,10,129.4,7000,3100,20,8000
11622,40000,5,0,75,10,65.86,7000,2480,20,8000
11638,70000,6,0,75,20,148,9000,4650,30,10000
11644,50000,5,0,75,10,99.73,7000,3100,20,8000
11659,40000,6,0,75,10,66.21,7000,1860,20,8000
11674,50000,5,0,75,10,70.18,7000,3100,20,8000
11680,40000,6,0,75,10,124.91,7000,1860,20,8000
11689,40000,5,0,75,10,64.47,7000,2480,20,8000
11702,50000,5,0,75,10,39.6,7000,3100,20,8000
11736,40000,5,0,75,10,88.46,7000,2480,20,8000
11747,50000,5,0,75,10,121.49,7000,3100,20,8000
11760,70000,6,0,75,20,160.1,9000,4650,30,10000
11768,70000,6,0,75,20,154.95,9000,4650,30,10000
11776,84000,6,0,75,20,63.29,8000,5580,30,9000
11781,84000,6,0,75,20,53.71,8000,5580,30,9000
11792,84000,6,0,75,20,95.34,8000,5580,30,9000
11809,70000,6,0,75,20,66.07,9000,4650,30,10000
11825,70000,6,0,75,20,71.01,9000,4650,30,10000
11837,70000,6,0,75,20,87.6,9000,4650,30,10000
11850,84000,6,0,75,20,134.66,8000,5580,30,9000
11857,70000,6,0,75,20,94.43,9000,4650,30,10000
11867,84000,6,0,75,20,12.04,8000,5580,30,9000
11884,70000,6,0,75,20,19.1,9000,4650,30,10000
11892,70000,6,0,75,20,82.46,9000,4650,30,10000
11900,70000,6,0,75,20,63.89,9000,4650,30,10000
11913,70000,6,0,75,20,72.12,9000,4650,30,10000
11929,84000,6,0,75,20,124.47,8000,5580,30,9000
10584,42000,6,0,75,10,248.58,7000,2790,20,8000
10588,56000,6,0,75,20,225.62,6000,3720,20,7000
10592,56000,6,0,75,20,200.39,6000,3720,20,7000
10596,70000,6,0,75,20,149.91,9000,4650,30,10000
10600,70000,6,0,75,20,144.8,9000,4650,30,10000
10614,70000,6,0,75,20,82.13,9000,4650,30,10000
10618,42000,6,0,75,10,117.2,7000,2790,20,8000
10622,42000,6,0,75,10,101.65,7000,2790,20,8000
10626,56000,6,0,75,20,110,6000,3720,20,7000
10629,42000,6,0,75,10,30.41,7000,2790,20,8000
10631,42000,6,0,75,10,43.17,7000,2790,20,8000
10636,56000,6,0,75,20,82.57,6000,3720,20,7000
10638,42000,6,0,75,10,58.82,7000,2790,20,8000
10643,42000,6,0,75,10,60.5,7000,2790,20,8000
10644,56000,6,0,75,20,122.87,6000,3720,20,7000
10646,56000,6,0,75,20,170.88,6000,3720,20,7000
10648,42000,6,0,75,10,175.32,7000,2790,20,8000
10653,56000,6,0,75,20,108.81,6000,3720,20,7000
10667,42000,6,0,75,10,204.69,7000,2790,20,8000
10674,56000,6,0,75,20,166.03,6000,3720,20,7000
10677,70000,6,0,75,20,217.22,9000,4650,30,10000
10682,42000,6,0,75,10,276.16,7000,2790,20,8000
10685,42000,6,0,75,10,223.89,7000,2790,20,8000
10697,56000,6,0,75,20,330.22,6000,3720,20,7000
10701,42000,6,0,75,10,281.44,7000,2790,20,8000
10705,56000,6,0,75,20,210.21,6000,3720,20,7000
10710,42000,6,0,75,10,347.48,7000,2790,20,8000
10714,42000,6,0,75,10,370.11,7000,2790,20,8000
10718,70000,6,0,75,20,274.48,9000,4650,30,10000
10728,56000,6,0,75,20,134.18,6000,3720,20,7000
10735,56000,6,0,75,20,104.79,6000,3720,20,7000
10738,42000,6,0,75,10,24.17,7000,2790,20,8000
10746,42000,6,0,75,10,136.57,7000,2790,20,8000
10753,56000,6,0,75,20,219.02,6000,3720,20,7000
10758,56000,6,0,75,20,277.71,6000,3720,20,7000
10761,70000,6,0,75,20,283.71,9000,4650,30,10000
10769,70000,6,0,75,20,422.49,9000,4650,30,10000
10775,70000,6,0,75,20,432.14,9000,4650,30,10000
10781,56000,6,0,75,20,143.74,6000,3720,20,7000
10783,42000,6,0,75,10,225.25,7000,2790,20,8000
10786,42000,6,0,75,10,134.01,7000,2790,20,8000
10796,42000,6,0,75,10,100.69,7000,2790,20,8000
10806,70000,6,0,75,20,221.11,9000,4650,30,10000
10821,56000,6,0,75,20,462.49,6000,3720,20,7000
10825,56000,6,0,75,20,374.97,6000,3720,20,7000
10829,42000,6,0,75,10,401.78,7000,2790,20,8000
10837,42000,6,0,75,10,392.76,7000,2790,20,8000
10848,42000,6,0,75,10,298.38,7000,2790,20,8000
10851,42000,6,0,75,10,273.59,7000,2790,20,8000
10859,84000,6,0,75,20,99.14,8000,5580,30,9000
10861,70000,6,0,75,20,30.81,9000,4650,30,10000
10874,70000,6,0,75,20,191.67,9000,4650,30,10000
10878,70000,6,0,75,20,142.59,9000,4650,30,10000
10886,70000,6,0,75,20,63.2,9000,4650,30,10000
10894,70000,6,0,75,20,110.28,9000,4650,30,10000
10911,70000,6,0,75,20,158.9,9000,4650,30,10000
10923,84000,6,0,75,20,297.2,8000,5580,30,9000
10945,84000,6,0,75,20,32.89,8000,5580,30,9000
10953,84000,6,0,75,20,147.27,8000,5580,30,9000
10968,70000,6,0,75,20,88.64,9000,4650,30,10000
10980,50000,5,0,75,10,173.22,7000,3100,20,8000
10984,70000,6,0,75,20,112.93,9000,4650,30,10000
10987,40000,5,0,75,10,216.12,7000,2480,20,8000
10988,50000,5,0,75,10,273.34,7000,3100,20,8000
11006,70000,6,0,75,20,228.18,9000,4650,30,10000
11010,50000,5,0,75,10,354.73,7000,3100,20,8000
11013,50000,5,0,75,10,34.06,7000,3100,20,8000
11017,40000,5,0,75,10,44.42,7000,2480,20,8000
11043,50000,5,0,75,10,85.09,7000,3100,20,8000
11047,70000,6,0,75,20,60.34,9000,4650,30,10000
11066,50000,5,0,75,10,170.84,7000,3100,20,8000
11073,70000,6,0,75,20,36.07,9000,4650,30,10000
11077,50000,5,0,75,10,51.11,7000,3100,20,8000
11082,40000,5,0,75,10,33.24,7000,2480,20,8000
11109,50000,6,0,75,10,106.79,7000,4650,20,8000
11120,50000,6,0,75,10,173.18,7000,4650,20,8000
11128,50000,5,0,75,10,137.3,7000,3100,20,8000
11143,40000,5,0,75,10,200.8,7000,2480,20,8000
11151,70000,6,0,75,20,155.54,9000,4650,30,10000
11157,70000,6,0,75,20,189.91,9000,4650,30,10000
11168,70000,6,0,75,20,185.53,9000,4650,30,10000
11179,50000,5,0,75,10,254.1,7000,3100,20,8000
11194,70000,6,0,75,20,75.58,9000,4650,30,10000
11210,70000,6,0,75,20,109.86,9000,4650,30,10000
11212,50000,5,0,75,10,177.79,7000,3100,20,8000
11218,40000,5,0,75,10,165,7000,2480,20,8000
11236,40000,6,0,75,10,224.51,7000,1860,20,8000
11242,70000,6,0,75,20,207.48,9000,4650,30,10000
11270,50000,5,0,75,10,128.13,7000,3100,20,8000
11292,40000,6,0,75,10,118.15,7000,1860,20,8000
11326,50000,5,0,75,10,65.73,7000,3100,20,8000
11335,50000,5,0,75,10,91.39,7000,3100,20,8000
11351,50000,5,0,75,10,112.29,7000,3100,20,8000
11352,50000,5,0,75,10,173.97,7000,3100,20,8000
11356,70000,6,0,75,20,222.1,9000,4650,30,10000
11361,50000,5,0,75,10,155.08,7000,3100,20,8000
11386,40000,6,0,75,10,86.58,7000,1860,20,8000
11395,50000,5,0,75,10,87.48,7000,3100,20,8000
11401,40000,5,0,75,10,70.6,7000,2480,20,8000
11430,40000,5,0,75,10,144.62,7000,2480,20,8000
